title,company,location,link
Data Entry Clerk,Spring for General Supplies and Contracting -,"Agouza, Giza, Egypt ",https://wuzzuf.net/jobs/p/V5rNOzdoqbwn-Data-Entry-Clerk-Spring-for-General-Supplies-and-Contracting-Giza-Egypt
Remote Job for Data Entry Representatives,Alison Phillips -,"Dubai, United Arab Emirates ",https://wuzzuf.net/jobs/p/g/e725sUmqB4mg-Remote-Job-for-Data-Entry-Representatives-Alison-Phillips-Dubai-United-Arab-Emirates
Work Remotely for Data Entry Clerk,Alison Phillips -,"Dubai, United Arab Emirates ",https://wuzzuf.net/jobs/p/g/nVUcSh0ddM0h-Work-Remotely-for-Data-Entry-Clerk-Alison-Phillips-Dubai-United-Arab-Emirates
Data Entry - Work From Home Remote,Alison Phillips -,"Riyadh, Saudi Arabia ",https://wuzzuf.net/jobs/p/g/KMplDYugFmZC-Data-Entry---Work-From-Home-Remote-Alison-Phillips-Riyadh-Saudi-Arabia
Simple Data Entry Jobs (Remote) - Work From Home,Alison Phillips -,"Riyadh, Saudi Arabia ",https://wuzzuf.net/jobs/p/g/5gy8yvrjfeSk-Simple-Data-Entry-Jobs-Remote---Work-From-Home-Alison-Phillips-Riyadh-Saudi-Arabia
Precise Data Entry Jobs - Work From Home,Alison Phillips -,"Najran, Saudi Arabia ",https://wuzzuf.net/jobs/p/g/B5uP0ud0t2g2-Precise-Data-Entry-Jobs---Work-From-Home-Alison-Phillips-Najran-Saudi-Arabia
Entry Level Data Entry Clerk - Remote Jobs,Alison Phillips -,"Dubai, United Arab Emirates ",https://wuzzuf.net/jobs/p/g/neiQB4ll1CnJ-Entry-Level-Data-Entry-Clerk---Remote-Jobs-Alison-Phillips-Dubai-United-Arab-Emirates
Data Entry Operator Needed - Remote Work,Alison Phillips -,"Dubai, United Arab Emirates ",https://wuzzuf.net/jobs/p/g/1Fjz5X69SSRN-Data-Entry-Operator-Needed---Remote-Work-Alison-Phillips-Dubai-United-Arab-Emirates
Remote Data Entry - Work From Home,Alison Phillips -,"Riyadh, Saudi Arabia ",https://wuzzuf.net/jobs/p/g/Z68yOSJ9NglP-Remote-Data-Entry---Work-From-Home-Alison-Phillips-Riyadh-Saudi-Arabia
Data Entry Clerks - Work From Home,Alison Phillips -,"Dubai, United Arab Emirates ",https://wuzzuf.net/jobs/p/g/WuzYKID5DUvv-Data-Entry-Clerks---Work-From-Home-Alison-Phillips-Dubai-United-Arab-Emirates
Data Entry Jobs - Work From Home,Alison Phillips -,"Riyadh, Saudi Arabia ",https://wuzzuf.net/jobs/p/g/QGCcarUTjTUv-Data-Entry-Jobs---Work-From-Home-Alison-Phillips-Riyadh-Saudi-Arabia
Remote Data Entry Work,Alison Phillips -,"Riyadh, Saudi Arabia ",https://wuzzuf.net/jobs/p/g/vsdIuSJhVBB3-Remote-Data-Entry-Work-Alison-Phillips-Riyadh-Saudi-Arabia
Data Entry Role - Remote,Alison Phillips -,"Riyadh, Saudi Arabia ",https://wuzzuf.net/jobs/p/g/y1lFp5TseunG-Data-Entry-Role---Remote-Alison-Phillips-Riyadh-Saudi-Arabia
Administrative Data Entry Clerks Needed - Remote Work,"City Swap Network, Inc. -","Riyadh, Saudi Arabia ",https://wuzzuf.net/jobs/p/g/8QGbUACQ2qtB-Administrative-Data-Entry-Clerks-Needed---Remote-Work-City-Swap-Network-Inc-Riyadh-Saudi-Arabia
Work From Home Data Entry Representatives,"City Swap Network, Inc. -","Riyadh, Saudi Arabia ",https://wuzzuf.net/jobs/p/g/uwoTDs7aMWNe-Work-From-Home-Data-Entry-Representatives-City-Swap-Network-Inc-Riyadh-Saudi-Arabia
